ean,codigo_interno_coope
7790360967794,707594
7790360967824,707432
7790070036223,713412
7790070036179,714935
7790070036032,713426
7790670052371,714711
7790360026590,706050
7790360966841,928496
7790360026606,252663
7790670050667,250099
7790670050674,250093
7790670050612,250095
7790360966797,700870
7790670050728,250092
7790360967701,706994
7790670050780,253706
7790670052289,713339
7790360026682,713099
7790670050605,250098
7790670052265,712776
7790360967404,706462
7790360967763,707429
7790670051312,710321
7790670051329,710319
7790670051336,710320
7790070036261,710724
7792180142122,714863
7790070035950,713315
7790070034410,713419
7790070036148,713319
7790360967558,706581
7790360971135,709637
7891515571351,712158
7891515547059,710745
7790079019708,225573
7790079019692,225572
7891515547066,710607
7790079020773,705661
7797906000700,703502
7790070036278,233708
7797906054826,714419
7797906054819,714421
7797906054864,714422
7790070036292,233702
7790070036308,233701
7797906054857,715177
7790070036384,752738
7790070036414,707529
7790070036391,153828
7797906054833,714420
7790079021459,706991
7790272000954,281057
7790272000855,458182
7792180131959,276396
7790272001029,106844
7790070012050,874906
7790060023684,164240
7798316700815,443006
7798316700808,291020
7792180001665,920550
7790272001005,102114
7792180001641,100006
7790070231420,323122
7790272000794,227075
7790060234868,112752
7790070265142,298951
7798080520077,135571
7790070231833,285026
7798080520534,280587
7790199603757,284737
7798080521760,269124
7798080521685,272476
7798080521678,272478
7790199603030,279594
7790199603054,279596
7792070001133,152236
7792070054351,294818
7798080521692,272480
7798080521739,269118
7790139000448,274473
7790139003418,437996
7790139101466,290582
7790139101640,296275
7792900000251,180849
7790139004941,288825
7790139101763,296274
7790150564844,288895
7790150570180,286088
7790150435380,287747
7790150411391,287901
7794000006140,290478
7790150497081,286615
7794000006133,290479
7790150532706,286784
7790150420331,287902
7790150470350,286607
7790150480243,286609
7790150440360,287760
7794000006119,290480
7790150406953,286604
7790150490471,286611
7790150465479,294501
7790150545287,287900
7790580135737,292295
7790150570371,286089
7790150565735,288897
7790150540336,286086
7790150532607,286783
7790150532508,286782
7790150532300,286780
7790150436080,287904
7790150531181,290295
7790150573280,287759
7790150535394,288893
7790598091742,190906
7790598091162,226286
7793360124945,278336
7790598015090,126551
7790150497272,286616
7790598000010,154369
7790580136734,292292
7790598000133,108596
7790598000140,108618
7790598000331,114243
7790598000430,148113
7790598010064,107158
7790598010217,130753
7790598012136,130761
7790598021701,187844
7796373112701,259126
7891132001705,316960
7791866001203,136239
7794000006072,289525
7791866001364,851019
7791866003283,101663
7794000006058,289526
7794000007086,294572
7798146138178,275049
7794000006553,293230
7791620187662,312596
7792180142009,310233
7790580135454,290441
7790580135430,290439
7798146138857,294358
7794000006478,292717
7791866004211,199120
7794000004917,285901
7792900990699,322564
7794000004887,285896
7790150432440,286961
7790150431443,287749
7790150437803,285508
7794000004931,285903
7790150433430,285514
7790150438305,287009
7891132011018,316952
7891132012015,316953
7791004000051,179060
7791004000099,179051
7791004000839,280580
7790072001014,109681
7793433000497,100774
7791004000822,280581
0000077956262,136328
7790150550465,286962
7792900000428,186021
7792900092683,103262
7792900000138,880523
7790598000355,110981
7790580136239,292294
7790150556740,294505
7790580136079,292279
7790598012600,131040
7790598012617,131024
7794000006164,292719
7794000006188,291128
7791866000480,199119
7790150445365,286606
7792900990774,322359
7798146139045,285264
7798146139229,322562
7791620187716,312600
7798146139052,285265
7793360123474,275504
7790150445396,286620
7790580136215,292298
7792900990705,322565
7796373002934,267312
7798146139038,285262
7891132001675,316956
7891132001682,316958
7798146138963,285258
7891132001699,316959
7891132001668,316957
7790139003173,696239
7792900093246,125248
7792900092980,125250
7790139003166,437502
7790139101145,294219
7790139101183,294222
7792900093024,110390
7790070431486,309232
7791120031557,145157
7790070431448,312233
7790070431493,309233
7790503199112,290916
7790503000081,195768
7790503199082,283904
7791120098888,265520
7790503000265,265665
7790503199105,290917
7792180139573,298785
7790070432254,309951
7790070432261,309950
7798334587030,295945
7798334587078,295978
7798334587009,295977
7798334587061,295946
7790070321565,291347
7793433000640,274034
7793433000688,274044
7790150611074,287906
7793433000671,274036
7792750000937,101613
7790580131364,290487
7793360129940,282060
7793360129957,282061
7891167831100,101130
7891167831117,101131
7790748266204,100943
7790748266167,100862
7790748235064,115584
7798262020104,309740
7798262020043,309738
7798132920435,284729
7790360720115,139190
7796953511153,704306
7790360720382,139130
7796953304120,757179
7796953301129,757144
7790360720122,117137
7790360965127,160512
7790360964540,143359
7793360000157,105772
7793360000089,151793
7798132920473,103207
7790580132422,291423
7794940000536,102235
7794940000550,153512
7792540293754,273972
7792540294607,277478
7790150830444,286371
7790150830468,286372
8445290559975,299265
7790580131876,294794
7790170903609,288884
7790170903692,288887
7790170903654,288885
7790150080825,288882
7790170903678,288886
8445291082199,310694
7790070933638,309310
8445291082212,310695
8445291082236,310696
8445291082137,310692
8445291082113,310691
8445291082151,310687
7790150160725,287913
7790150101780,286376
7790150100806,286375
7790150079904,285506
7613036312752,271510
7790150100462,286076
7790150100783,286078
7790150100486,286077
7790150160923,287916
7790150161227,287922
7790150101476,286080
7790550011290,286528
7891000108819,242409
7613035379213,259524
7790150161401,287928
7790170907478,266638
7790070933645,227139
7791118000503,240361
7790150110386,289594
7790550010255,280979
8445290256270,290539
7790550000164,101087
7790550022234,293910
7790550000157,101079
7790150006320,285074
7790170902008,285070
7792360002062,193933
7790150006351,285071
0762111364418,280091
7790170901971,285073
0762111364357,280090
7792360002154,105313
7790150037072,288879
7792360002130,193925
7790550022258,293908
7790150006375,290307
7790150006429,288877
7790170949072,288891
7790550022456,293917
7790045001584,152307
7790199604587,309703
7790045001607,152668
7790045000624,244974
7891000337271,298908
7896004004921,298734
7896004004983,298737
7790045000457,153649
7790045826637,281936
7798169802711,285752
7798169802674,285747
7798169802650,285751
7798169802827,299629
7798169802667,285750
7798169802834,299631
7798169802681,285748
7790742625205,283141
7790742625403,283143
7790742625304,283136
7790742067005,262092
7790742625106,283140
7790787153664,101495
7790787150632,173614
7790787153671,101496
7798067030780,126898
7798067031275,290498
7790787000654,253899
7790787153657,153360
7790616000411,315852
7790490998231,284994
7790490998002,284999
7790490998309,284996
7794940000796,259161
7794940000864,259159
7794940000857,259158
7794940000833,259156
7794940000765,248591
7790490998064,284992
7792129004542,298993
7794940000758,233530
7790490998019,285000
7790490998026,284990
7792129004559,282535
7792129004535,298992
7792129004566,298991
7792540293792,273974
7790490998101,284993
7794940000772,263033
7799086000266,290040
7790150812747,289607
7790150811948,289613
7792540293785,312229
7792129004672,298994
7891021002585,257690
7891021002592,257689
7622201753061,190250
7790070418401,295009
7790503000289,246283
7790503000302,257971
7790503198696,276407
7790412000295,295732
7790412000271,295730
7790503198702,276408
7790040008175,174564
7790040133471,282668
7622201735883,290330
7622201735258,290325
7622201735906,290331
7790040137844,291904
7622201806538,284284
7790040127944,284501
7622201761288,226274
7622201740399,267151
7790040133488,282671
7798128000691,294540
7622300742645,186498
7790040139923,294178
7790040142992,309272
7622201745547,219298
7790040142985,309274
7891000248799,267590
7622300829728,219280
7790040139657,292473
7790040139930,294180
7798128000707,294539
7792200000128,858188
7622201808860,283897
0000077976291,284434
7790040133259,282681
7790040139909,294184
7790077000326,279934
7793450000159,862312
7790045824893,147995
7891000379073,299969
7790045001188,862010
7790040139909,294184
7790040133259,282681
7798181510786,281315
7790040139176,294176
7622201735319,286194
7891962032306,163757
7798126071273,281291
7798126070948,281295
7891962032290,163758
7790580111755,266486
7790045001195,862029
7622300742935,186684
7790040139770,294192
7622201808884,283896
7622201803285,186008
7622201745561,290329
7798187760390,296530
7798181510847,281316
7793450000128,862320
7790040139169,294175
7790369007828,313974
7790369007811,447152
7792180143273,308652
7622201745585,290328
7790040133242,282679
7790040133235,282678
7790040132689,282675
7790045825401,155260
7798126071747,281297
7798128002138,294542
7790263119665,294364
7798181511004,308704
7790263119634,279372
7622300335052,144396
7798128410070,145666
7790369007835,447076
7790263119726,298651
7793450000142,292953
7793450000364,453457
7791568005615,299523
7798054220293,299897
7798125810781,279865
7798125811023,295927
7798126070931,281293
7790580109646,258397
7798181510212,269618
7622201736033,296345
7622201745905,296346
7790040139015,291068
7790040136243,289711
7790040132955,282355
7795735000328,931241
7790580697303,139319
7792180006462,250603
7795735000342,931268
7792200000159,858170
7790040377707,147902
7790045001133,136220
7790040003569,101335
7790310983270,281737
7790310983256,281736
7790040132962,282354
7790040173200,178481
7790045826200,277474
7792180006455,250602
7792200000777,873381
7798125810385,708072
7798125810347,708066
7798125810521,708071
7798125810354,708065
7798125810361,708067
7798125810446,708069
7798125810750,708936
7798125810767,708935
8445291020047,310109
7790742436306,283129
7790742436405,283130
7790742331601,280734
7790742436207,283131
7790742331304,277001
7790742436108,283149
7790398100644,873454
7790480090006,316322
7790387800050,283157
7792280000193,696856
7793704000768,276426
7790387011852,125622
7790387800081,288868
7790387800098,283155
7793360131530,287690
7793360131547,287691
7793360131516,287688
7793360131417,285764
7790580123437,286410
7793360131561,287693
7793360131400,287308
7790580132224,287697
7790580132255,287700
7793360131431,285760
7793046008415,256966
7793360131424,285759
7793360131523,287689
7793360131554,287692
7793046008491,697015
7793360131448,285761
7792260639689,112616
7792260639696,112617
7793046008477,129753
7790150211939,285504
7790150355084,291049
7790150310267,283871
7790150330166,284642
7790150211908,287010
7790387800135,288869
7790387800142,283925
7790150360262,283866
7790150250150,291047
7790150211953,285505
7790150240175,291045
7790150321065,283870
7790150331088,283867
7790150320266,284641
7790150396186,291591
7792280000353,135479
7790387013306,124987
7790387001792,231421
7790387001785,231419
7790150250525,291592
7792280000339,165867
7790170924642,286366
7790387010213,193551
7790150355244,191282
7790150350171,283868
7790387711882,104025
7790150340165,283869
7790150240427,298043
7790387800159,283926
7790387800166,286960
7792280000360,103361
7790170923645,286367
7790170926646,286368
7790170914018,286556
7790150250327,194183
7790387800173,286955
7790387800203,294878
7792710000182,212169
7793704000911,281333
7793704000881,274292
7793704000928,281332
7790710334573,285500
7792710000175,212170
7790710334603,285499
7790710334580,285493
7790387013610,280971
7790070507280,280067
7790070509116,288790
7790070509109,288789
7793670000670,230416
7792280005686,288177
7730241003661,295724
7790480089741,282875
7790387800197,294877
7792280005693,288186
7790387015324,280975
7790070509017,102857
7790387015317,280974
7790387014617,284479
7790387014624,280973
7790710334535,285492
7793704000508,274294
7793670000052,152568
7793670000076,230412
7790710003332,285489
7790070509062,318543
7792710006443,282845
7793670000014,230414
7790411001514,220870
7790387015621,282140
7793750009821,286653
7790070507389,280066
7790710334610,285495
7790710334641,285497
7793704000805,274293
7790387014143,288867
7790387013498,282143
7790710334597,233036
7798039850019,121338
7792710006450,288190
7793670400517,282967
7793670400548,298628
7793750000415,451325
7798333090142,293072
0000077903785,117966
0000077903792,101765
7622300742584,186009
7790040613706,113858
0000077976307,286345
7790070418203,284535
0000077956699,104055
7790040116610,269332
7622300742621,185977
7790040613904,132292
7790040613607,113860
7622300457303,165423
7622300202859,163312
0000077909930,282517
0000077909923,282516
7798343751019,321380
7798333090050,293069
7798333090043,293071
7798333090135,293073
7798333090067,293070
7798343751040,321381
0000077916525,312474
0000078909434,947920
0000077958921,243966
7790580131371,285115
7898024396994,281047
0000080052487,444466
7861002900117,105542
8000500009673,186781
0000077961815,243390
0000077956712,269033
0000077953537,263929
0000077971630,282560
7797394001265,265139
7790580252908,102493
0000078600010,105893
7790580602000,173001
7792860003033,141495
0000077969088,282573
7792860004542,966061
7792222002865,238787
7790380015949,951579
0000077969118,282569
7790380029076,313077
7792222002827,282411
7792860007963,215726
7798186032627,283902
7790380029007,281176
7792222002803,437102
7790580060602,101910
0000077944405,243758
0000077958648,286323
7798186032375,283903
0000077916389,182673
0000077944412,243759
7790580137069,315359
7790580199913,155035
7792222002780,438423
7792860009882,277253
0000077904744,695860
7790580607210,228529
0000077949677,950092
0000077953124,141904
0000080052760,865907
7622300990152,265279
7622210788207,270578
7622210719829,277561
7790580124397,278176
7622210828606,272202
7790580607418,178542
7622201812744,284436
7622300844943,229924
7790407031013,117560
7792360072447,226492
7622210795908,272201
7622210795625,272200
0000077922120,144316
7622201818609,284447
7622201818579,284446
7622201812775,284437
7790580105013,244925
7790580033408,172994
7622300990114,265277
7790580103743,232312
7790580106560,245331
7790580123741,279729
7790580103743,232312
7622300990114,265277
7790580103453,232997
7790580106560,245331
7792360072423,231524
7790580105013,244925
0000080761761,271506
0000077949707,161179
7622201818937,284448
7622201818951,284450
7622300844967,229932
7790580103538,243774
7622210745583,271464
7790580132958,312467
7790580103446,172991
0000080050094,131672
0000077940131,106658
7790580327415,153242
7790580107635,245329
7790580106195,236399
7790580283506,169488
7794000007451,296264
7790070336149,309236
7790070336361,296575
7790070318343,233572
7790070320025,242053
7790070320018,242054
7730114100077,279247
7790070335937,309237
7790070336002,309323
7730114100046,279251
7792180004970,227292
7790070336576,216439
7790070336385,309752
7790070336309,309690
7790070336651,312564
7730114100015,279249
7790070335975,309754
7790070336477,312917
7790070336460,311164
7790580138721,290438
7790199603368,278901
7790580126315,276843
7790199604273,291721
7790199000020,939048
7790199000051,276234
7799037060325,294868
7790199603856,285683
7799037060332,294866
7792180004901,220014
7799037060349,294865
7792180136657,281075
7792390620786,285487
7792390620748,285486
7790070317452,192378
7792390620700,285485
7792390620823,285488
7799037145145,294867
7798181510274,309330
7793890258806,713380
7793890258851,713374
7793890258998,713283
7793890258790,713379
7793890259025,713285
7793890259070,713491
7793890258875,713373
7793890259087,713492
7790071090125,309631
7793890259605,714497
7790071090231,309629
7790071070134,309639
7790071090422,309632
7891962060453,281040
7790071090330,309638
7790503000333,265708
7891962060477,281043
7790503000326,265707
7792180139603,286734
7790199604181,296319
7790199604198,296320
7792180139634,288145
7792180139610,286731
7622201806651,296334
7622201819620,296336
7622201819668,296337
7622201106034,245082
7622201820596,296342
7622201819699,296338
7622201819736,296339
7622201820534,296344
7622201820473,296343
7790070431318,294755
7790070431332,294757
7622201706029,296331
7790070431271,311159
7790070431295,294754
7790070417916,310127
7790070417954,290563
7790070413116,286973
7790070417879,290561
7790070417978,290565
7622201704674,296322
7622201704643,296321
7622201705169,296327
7622201705107,296326
7622201705077,296324
7622201705299,296330
7622201705268,296329
7790580129583,284954
7798114470163,717571
7791337008205,714825
7622300871949,296323
7792180005120,235737
7790070562043,309319
7798370550142,299814
7798370550135,299813
7792180009074,706006
7792180006752,250596
7792180004833,224403
7790580134341,284487
7790580134327,284489
7898024394181,131673
7790580131487,284493
7898024395232,238672
7790580133344,285108
7798151953254,280063
7798151953117,299822
7790150610305,287908
7790580131470,284494
7622201464882,310873
7790150460474,287746
7622300148119,144395
7790580134334,284488
7790580133641,284490
7622201705480,296332
7796373002132,309976
0736684208707,285884
7790598000225,176591
0736684208738,285890
7790310984338,283040
7794520869027,294693
7794520869010,294768
7798151953377,299113
7798151952981,286623
7798151953131,292986
7798151952592,282311
7798151953124,292984
7790310985380,299347
7790310985526,299346
7790503000272,246282
7790310985373,299350
7790310985441,299348
7790310985328,312726
7790310985465,299335
7790310985366,299349
7790310984734,299336
7790310985557,299341
7896004009162,309705
7790310985458,299337
7790310985434,299338
7896004009155,309704
7790310983553,313850
7896004009179,309706
7794000006362,291582
7794000006379,291583
7794000006881,294591
7794000005815,289557
7794000005877,289562
7794000005884,289565
7891000345528,287633
7794000006942,294592
7794000005822,289559
7794000006911,294596
7794000005839,289560
7790150433652,285511
7790150434888,285509
7891000345481,289640
7790150434437,260554
7794000006928,294589
7790150439395,262670
7790150441282,290301
7798334587108,298677
7794000005853,289561
7790150440131,290298
7794000005846,288804
7790150440483,290296
8445290180186,712359
8445290702234,299263
7795323775256,714315
8445290702302,299264
7795323774846,234069
7795323774860,712471
7795323002437,238841
7795323002444,238842
7795323002451,247875
7795323774853,234071
7795323774839,234068
7795323002420,238840
7798095171059,450404
7795323775225,714316
7790010002943,186618
7790010002936,186620
7891010032937,163787
7891150036390,304300
7891010255145,309985
7790740608170,305763
7790740608200,317649
7891010245382,313024
7500435228770,307799
7794626012952,307898
7500435228763,307798
7790250042068,309748
7790250042082,309750
7790250042075,309749
7794626012945,307897
7794626012846,307896
7794626012839,307895
7500435228572,307791
7794626013270,308050
7794626012914,311965
7794626013287,308051
7794626013294,308052
7794626013300,308053
7794626013386,307370
7790250042051,309747
7790250040798,310943
7794626012938,308054
7790250040774,310941
7790250040781,310942
7794626013362,307371
7798350081260,307365
7798350081284,307364
7798350082328,307363
7790064104808,305591
7790064104815,317734
7794626011023,305875
7891010251024,304907
4015400763697,306448
7891010247324,304707
7794626011092,305877
7891010568771,233212
7794626011047,305876
7891136057029,217463
7790950000160,110728
7790950140859,282958
7790950134100,266603
7790950202816,238706
7791200000619,266606
7792410779357,310045
7790950202823,238707
7790950610574,270190
7790290001179,111333
7790290101602,118460
7790290101459,279246
7792410523165,293028
7790290101473,278547
7790139002879,157174
7792410532426,296743
7790290101527,280858
7792410522717,284925
7792410532181,296746
5000267014005,199230
5000281015248,285548
0763571806012,317263
5000267024011,191655
0724751009876,317262
0080432402931,290689
5000299618417,280894
7891050004741,296744
7791250002243,997546
7312040017683,295362
7501035010109,169978
5010106113073,290665
7792410523806,296747
5011007003005,290663
7312040350056,296733
7790290101657,286329
7791250003097,290725
0736684265243,287007
7792410532167,296745
5000291023462,285549
7792410527903,945986
7792410527880,296748
7791200200583,266611
7791200200606,281767
7792410533102,310044
7792798012770,293951
5000267165806,313140
0897076002010,284267
7792410008105,112453
7792410008365,135488
7792410504324,199927
7792410008006,112461
5011013100132,109967
7790260013300,170801
7790260013065,103519
6001495062508,117963
7790260016011,138819
7792410008051,102792
7794068001057,442988
7794068000142,442987
7794068000111,255925
7790260002076,109347
7792410134729,231414
7790260013287,103497
7790260013256,152618
7792410008259,104086
5000281003160,102768
7792798003709,874140
7792798010561,104971
7792798007387,254034
7792798003716,130039
7793147001025,311056
7793147009137,153488
7793147570743,274468
7792798007493,254040
7792798007400,254036
7792798002399,275349
7793147000899,309173
7792798010578,103844
7792798002115,271778
7792798010882,286453
7792798002351,275348
7793147001056,262097
7792798013678,298910
7802100003270,311044
7792798002122,271781
7792798001316,266266
7793147118860,309177
7793147571689,311048
7793147000752,309160
7793147009199,309172
7793147572723,309163
7792798001972,269513
7793147001742,266567
7792798013487,309344
7792798009107,280553
7792798001965,272974
7793147570927,311045
7792798005888,851132
7792798010615,265803
7792798012923,150380
7792798013388,298863
7793147570866,697282
7793147572846,309170
7802107000876,311038
7792798010639,280603
7792798002320,272769
7798074864910,299947
7790717152026,142388
7790975000046,156167
7790975000022,144991
7790975000152,111155
7791560040126,127439
7790975198613,283378
7790975198675,283400
7790975198699,283411
7791560132838,268358
7790975198712,283406
7791670027604,309136
7791203003433,293999
7795933703236,104000
7790070761019,197385
7790717001195,696446
7790975194417,157302
7791670027611,309139
7790314079726,308255
7798108834155,296540
7792319972224,281604
7791843008317,234124
7791728247091,110260
7790093132728,153982
7790240041880,130921
7790070760623,309814
7798108834070,296769
7790703205224,298966
7797942006957,309472
7791203003365,293995
7790314003233,291567
7798162677576,316281
7790703204982,298967
7792319972248,281606
7790314000416,864471
7791203003389,293998
7798353194653,313546
7790093521782,282020
7794450090492,437089
7791843008294,232176
7797942006933,309471
7790070760562,299270
7798074865313,299937
7790703204968,298968
7790070760722,308723
7798074864798,296532
7791843023471,318072
7794450000149,198732
7791843008935,236424
7791728247114,290368
7798353194721,313547
7790240002010,175765
7790189021028,107898
7798108833950,296762
7791540049910,280741
7794450000781,169288
7791843008911,236425
7797942007046,309462
7794450088581,438414
7798123971309,317199
7790240042092,696283
7790240041460,112147
7791250000997,198830
7790704167644,437388
7798099599200,155275
7790577001663,101717
7790070760821,298529
7790189001129,104473
7791250000935,198826
7790240041460,112147
7797942007022,309464
7794450090713,437613
7791540047862,245492
7792319972774,122372
7792319972231,281605
7790240094459,199756
7791250001017,198831
7791540049590,265431
7791670027482,312415
7791203000142,863815
7790240042092,696283
7794450090096,437275
7790704167637,150303
7798108834032,296770
7791670027857,319272
7791728002690,247115
7798039599420,280058
7790168904403,311067
7792870019918,247099
7790717152002,134277
7791670027857,319272
7798108834094,291054
7791540044519,199783
7798108834117,296763
7792319971111,296497
7790168904434,311068
7790168904328,309152
7790168903925,289829
7790168903833,289830
7790577039659,110594
7791728021301,437850
7794450090959,150788
7791670026645,312416
7790577002165,109839
7794450941251,276076
7790577001151,225365
7790577001151,225365
7798099592546,254667
7790240017045,178004
7798078230643,298746
7792319972712,308225
7798074864859,296535
7798051300189,151857
7791728001075,458334
7790945006771,311477
7798039590625,286542
7790805120043,132524
7790805012027,104017
7790717152019,134278
7790945006771,311477
7790805120043,132524
7790805012027,104017
7790717152019,134278
7790703205149,298960
7791728001075,458334
7790975017013,870692
7798108833066,281101
7790577039949,156849
7798099592546,254667
7790577001571,850926
7790093521775,282019
7791333000029,885410
7791093000017,103446
7798051300202,151859
7790975001487,199923
7790240092011,285534
7794450004239,245199
7798348711278,298647
7790189000177,103496
7798039599246,296357
7798051300202,151859
7798107410497,263262
7798108834193,296542
7798123970296,317202
7798141877058,268783
7790577000024,103560
7790577002424,110593
7794450008275,442073
7794450008282,442074
7790577039987,156851
7790577041515,251279
7798078238021,267601
7798078238038,267602
7798078238120,299809
7790945007051,311485
7790945006849,311482
7798108833080,281102
7798162670706,316276
7790314010200,262891
7798162670713,316275
7798162671673,316278
7791843023495,318062
7790577039628,134646
7798162671864,316282
7798162679747,316283
7792319972675,299675
7794450000972,312442
7798159560232,319083
7790950128444,221636
7790950133288,250569
7790950133325,250563
7790950003420,150377
7790950128468,221637
7790950133257,250567
7790950141610,282532
7790950133271,250527
7790950001969,127426
7790950133356,250566
7790950139273,281626
7790950003444,102178
7790950135992,267213
7790950003437,102177
7790950141030,282533
7790950130805,245074
7792931000039,132870
7799155000197,311061
7795930000550,269099
7799155000135,309827
7798062547559,995215
7790315000149,177588
7792931000015,171460
7795930000543,267315
7790895003882,228519
7790895647642,286312
7790895647666,286313
7792799000905,222095
7792931000022,190535
7792799000899,222214
7791813421603,117160
7791813421917,185570
7791813423591,146961
7798062548686,100861
7790315000880,258690
7790895003288,216456
7790895003325,216457
7798062540291,147534
7790895640490,141770
7790895640483,141773
7790895641237,161056
7798062541014,175958
7798062540284,147533
7798062548709,103712
7798062548648,105966
7798062548679,100826
7798062540253,147009
7790315000934,270568
7790315001054,223195
7790315001085,223196
7790315001047,223194
7790315000910,270566
7790895000232,103764
7790895000782,191116
7790895000218,117838
7790895067532,113702
7790895067617,133673
7790895067556,113501
7790895643286,294312
7790895006418,933112
7790895067587,290036
7790895000430,109436
7790895005312,106024
7790895005374,102406
7790895068164,147723
7790895064166,185576
7790895000447,142492
7790895000829,191124
7790895000225,117897
7791813777021,124672
7790895064128,108224
7790895064173,101347
7790895006111,103337
7790895000331,117978
7790895002304,162356
7790895002601,696488
7791813423157,873594
7790895010095,271823
7790895010088,259164
7790895010064,259259
7790895003202,275343
7790895006715,126616
7790895648571,299035
7791813421368,105589
7791813800774,280825
7790895006104,234115
7792170110704,177050
7792170110575,160618
7790895641183,184991
7790895006029,234138
7792170042005,113177
7792170042258,116385
7792170110568,160617
7792170042029,259609
7622201703080,284852
7622201735340,294291
7790580129965,286548
7622201702656,293975
7622201702625,293968
7622201703110,293972
7622201735685,284372
7622201735746,294294
7622201703141,293971
7622201705961,294290
7622201705992,284869
7622201735777,294295
7622201735715,294293
7622201735371,284371
7622201704148,284862
7622201702687,293974
7622201702717,293969
7790580132774,286544
7622201745707,294296
7790895647123,118526
7790895643866,272942
7798290580120,698022
7790895643842,244994
7790895643835,272940
7790895641800,232908
7790895646560,111627
7790895000737,171163
7798290580090,698021
7790895009846,265615
7790895009815,264088
7798259439506,296349
7798324540038,286337
7790895641534,232911
7798161722253,287617
7798324540052,295359
7798324540069,295360
7798324540076,295358
7798324540083,295357
7791913000753,296617
7798060850095,713685
7790742141101,707566
7790742141309,707479
7790742141606,708264
7790742141705,708265
7790742014122,714486
7798060850101,713687
7790742141903,708938
7790742011701,707609
7793913013436,713456
7790742142009,714485
7501059240605,191287
7790398000265,150203
7793913013443,713458
7794820902967,710617
7790787030132,230939
7790398000272,157224
7790787949083,710277
7793913000337,186918
7791337007253,713666
7791337007260,713665
7791337008410,714795
7791337008403,714796
7790787002672,258302
7790787172566,770540
8445290900654,309661
7790742333605,708520
7790742352002,712096
7790742363107,714117
7790742335401,708861
7790742358608,710007
7790742363206,714118
7794820903117,714705
7798338290479,713113
7790742363008,713868
7793913001822,230420
7790742192301,712697
7794820903100,714703
7790787002528,770523
7791620187778,714667
7790398100088,163613
7791620187822,714661
7793940052002,102956
7798060850026,707649
7798060850019,713237
7791620187761,714665
7791620187808,714660
7791620187839,714662
7790398100071,135722
7791620187754,714668
7794990879557,163614
7790787960668,715133
7791620187815,714663
7798060852044,716814
7798060853041,714882
7798344910279,706550
7798344910286,706551
7791337008458,714793
7791337008106,714785
7791337008472,714823
7793913013450,713470
7791337008113,714766
7793913013474,713471
7793913013467,713472
7790787087204,704310
7790787087181,700930
7798001562261,717496
7791337008076,714676
7798114470057,717565
7791337008175,714706
7790787087174,700929
7793913001662,196639
7798114470231,717573
7790742324009,713604
7798060853003,713677
7794990879656,163617
7798060852990,713681
7798060852945,713151
7790742324108,713605
7790742373205,710152
7794990878925,704929
7790742373304,710153
7790742373809,710232
7790742373908,710233
7791337061361,714609
7791337061422,714580
7791337061385,714579
7791337061439,714587
7794990878932,704930
7790742321701,710144
7790742321800,710145
7791564012488,725625
7798060853034,713682
7791564012501,725641
7791564012495,725633
7794820903063,714843
7791564013355,785814
7794990879663,163618
7798060852822,712810
7793913013627,713824
7798060853010,713683
7794990878888,704927
7790244941605,715022
7793913013610,713823
7793913013719,714115
7793913013726,714116
7794990000012,157229
7790244941582,715021
7794990879823,190574
7793913013634,713825
7793913013412,714599
7793913001013,155315
7793913013207,710684
7798060853072,714840
7793913013641,713826
7798060853096,714841
7794990879526,122054
7793913013214,710683
7791337008229,714583
7794820903056,714647
7791337008243,714582
7791337007185,714164
7794820902899,714370
7791337007192,714355
7794820902714,713653
7794820902707,713652
7794820902264,710943
7794820902257,711221
7793913013597,713463
7793913013603,713462
7793913013573,713461
7790742665010,714912
7794820902905,714371
7790742665027,714913
7793913013580,713460
7790787960552,714686
7791337008267,714586
7793913013375,715137
7794820902240,711220
7793253005054,286297
7790520995285,250819
7793253005238,287314
7790520996961,299483
7790520995308,250822
7790520989932,286332
7791130963343,309221
7793253004729,284922
7790520997654,293967
7790520025777,308967
7790520986160,104898
7790520025746,308970
7790520025869,299484
7790520997623,291723
7790520508607,165285
7790520995360,282587
7790520009746,233481
7790520025845,308966
7790520997432,287596
7790520025715,291087
7790520009494,233487
7790520025722,308969
7790520025395,292530
7790520998958,294019
7791274200274,315336
7793253003807,286412
7793253003869,286442
7798184581059,266598
7790132098459,139874
7793253002589,266621
7793253003715,282762
7793253003722,282764
7793253003753,282765
7798131250380,299266
7793253003234,279930
7793253003746,282763
7791905023203,311857
7791905023210,311858
7791905003663,311862
7791905000037,437312
7798131250502,299268
6001298008123,205240
7790117000231,176508
7790117000200,176478
7790117061843,284321
7790117061836,284341
7790117061850,284322
7794321801172,275851
7794321550209,256888
7794321550216,256890
7790117000033,104574
7790117061300,278501
7790117061829,281259
7794321001770,256892
7794321801196,275853
7791290794108,289629
7791290794054,289628
7791290794115,289632
7791290794061,289631
7791290794078,316435
7791290794276,296508
7791130002431,262815
7798131250533,284498
7805000321970,292185
7798131250472,279988
7790990999868,284425
7791130963312,322437
7891035024368,266720
7790773034014,213447
7790773034915,213448
7790900006617,276325
7790773034021,213443
7790773034502,213450
7790520998927,291645
7791130002752,258943
7791290794221,289622
7790520998842,288855
7791290793804,308670
7791290793378,309422
7791290793781,308669
7791290794238,289626
7793253003579,282253
7793253005313,287312
7790520998903,290551
7790520998880,290552
7790520010308,245469
7791905004387,311872
7793253003593,282255
7790520018618,249158
7790520018656,239055
7794440007127,222304
7791905004363,311874
7791190000088,279763
7791130001212,114028
7896001002500,284712
7791290793460,294327
7791290793453,294326
7790990001813,292431
7790990001776,292434
7791290792104,290062
7790990002230,298687
7791290793545,292989
7791290792159,290065
7791290792081,290061
7791290795020,299958
7790990002278,298686
7791290792067,290058
7791290792098,290060
7791290792043,290071
7791290792036,290069
7791290792012,290067
7791290794290,296507
7791290794306,296506
7791290794283,299465
7791290795112,299963
7791130001649,266879
7798131250519,282578
7791290794313,296509
7790990001851,299538
7791290795280,308666
7798131250427,279998
7791905003366,311878
7791290795297,308667
7793253003272,280803
7793253098766,141463
7793253099060,163462
7793253003050,280928
7793253003289,280805
7793253003296,280806
7793253098803,141460
7793253098711,166058
7798279510544,282125
7793253003241,279929
7793253001186,239347
7793253401030,225820
7793253004774,284918
7791130001748,231064
7791130002240,244630
7501058753441,193457
7793253003265,279711
7793253003258,279931
7702626214832,265337
7793253001162,239346
7891035040276,271342
7791130001762,231066
7702626217048,317742
7791130002271,244629
7793253003425,282595
7793253002565,266623
7891150000971,294328
7791290793682,294337
7791290793583,294329
7506195143834,277602
7791290793675,294338
7791290793576,294331
7798131250038,436547
7506195143858,284985
7500435201285,309407
7791905000921,311884
7790520006479,265541
7790520992574,286405
7791130681391,244506
7793253005283,287313
7791130681421,246809
7791130681438,246810
7791130002776,265102
7791905004400,311873
7790520010285,245467
7793253300081,117528
7790520010292,245468
7793253002534,254413
7790520014863,253809
7790520020819,260179
7790520024510,271436
7790520010506,239060
7790520992710,280918
7793253002527,254412
7791130003582,265340
7791130001687,231075
7793350000907,266853
7793350000402,178938
7793350000891,178937
7793350102304,266627
0000077958945,927910
7793350992950,162412
0000077958952,927929
7793350000433,178940
7790520995650,282755
7790613071544,269428
7790520995605,282554
7790613071537,269427
7790520993090,290617
7790613071087,128609
7790613071520,269426
7790613071100,696434
7790613000254,226856
7793253003548,281705
7791130683524,244477
7793253003500,281704
7790520995667,282556
7791130683791,244494
7793253003456,282602
7798184581332,276064
7791130683760,244488
7790520024954,278081
7793253000905,234012
7793253003944,312732
7793253003951,282611
7791130683777,244489
7791130683784,244492
7793253004705,284923
7791130683678,244483
7793253003470,282603
7790520024947,278425
7791130683845,244502
7798184581783,282884
7793253003524,281708
7793253003463,282607
7791130683852,244498
7790520993045,285972
7790520993045,285972
7791290793361,292987
7798184581554,276067
7798184581738,282885
7791130683876,244500
7791130683685,244485
7798131250212,279992
7798184581097,276066
7791130683531,244479
7791130683869,244499
7791130962193,284835
7791130962230,294025
7791130962254,284837
7791290792777,291578
7791290792753,291577
7790520028709,308961
7791290792760,291581
7790520028723,308963
7791290792784,291580
7791290795471,309289
7791290795464,309288
7790065000017,216660
7790250054962,312656
7790250054344,311462
7793344000456,303400
7790065000734,216661
7790250016182,308825
7793344904228,135309
7793344904990,171787
7790250026105,308826
7790250015857,299918
7791828000046,313120
7791828000657,696750
7791070000078,269955
7793344901036,104878
7793344009206,274000
7791828900377,313119
7793344009305,280875
7790250056980,240701
7793344009237,280053
7793344902057,805688
7790250023845,308823
7791828000428,313118
7793344009633,278117
7791828000442,313116
8445290057433,289674
8445290584984,299565
8445290068705,289678
8445290070647,289682
8445290585004,299566
7797453972291,277740
7797453972345,277743
7797453972406,277739
7797453000406,159405
7797453000413,185888
7797453000543,198273
7797453000550,185889
7797453000420,185887
7891000244074,274088
7791416066836,274128
7797453972390,277745
7791416001318,130730
7797453973090,287826
7797453971751,216528
7791416078518,280963
8445290926722,309684
7797453001564,264591
7797453001571,264592
7891000115695,274086
7797453001526,264587
7797453972499,281513
7797453971843,273621
7797453971799,273630
7791416065648,175403
7797453971829,273620
7797453971836,273622
7791416001257,134479
7797453972505,285695
7791416960127,280948
7791416001271,274131
7797453971706,216524
7797453971881,273623
7791416960462,295022
7791293047508,306697
7791293050355,309293
7791293047515,306701
7791293045948,307539
7500435202732,307965
7509552876482,308023
7791293047522,306699
7500435230018,308240
7509552791280,307454
7791293049755,309423
7790740000363,306662
7509552902341,308004
7509552922233,309655
7500435229814,308244
7509552902358,308003
7791293047072,306689
7791293046433,307542
7791293046464,307543
7790740000318,306656
7791293045931,307538
7798140257745,308175
7791293050423,309299
7790740000349,306660
7790740000486,306930
7509552791457,307453
7791293047492,306704
0190679000187,304127
7791293047058,306692
7501006721317,158009
7509552902891,308007
7791293045955,307583
7791293045856,307532
7509552874099,307330
7509552902440,308154
7509552903416,312775
7509552920871,309654
7509552903423,308006
7791293049762,309424
7791293046013,307549
7509552876536,308162
7500435106412,259309
7509552840353,306490
7509552903423,308006
7509552920871,309654
7791293046013,307549
7791293045863,307533
7791293047577,306713
7509552816204,307163
7509552874068,307328
7500435147569,304924
7509552902365,308002
7798140257752,308174
7790740001421,308259
7509552902433,308155
7792640007718,310206
7792640001167,399256
7509552876420,308022
7791293045979,307541
7509552790160,307012
7500435147507,304919
7791293046440,311767
7500435230117,307969
7792640008111,298242
7790740608217,305765
7790740000325,306658
7500435147583,305015
7791293027876,232197
7791293045962,307540
7791293045986,307546
7791293045993,307547
7509552844405,307961
7509552874129,307332
7798140256755,307252
7791293050447,309921
7509552902471,308157
7509552876550,308024
7798140256731,307245
7798140256656,307244
7798140256793,307250
7791293046020,307584
7500435106382,259303
7791293050379,309295
7798140256670,307251
7798140256779,307243
0190679000118,304125
7509552836554,306492
7509552877106,307334
7790740608231,317650
7791293045887,307534
7792640000313,365092
7792640004496,310205
7793008017738,312195
7509552902860,308008
7798140256717,307253
7501006721294,158008
7798140257769,308173
7791293050577,309899
7791293050553,309897
7791293050546,309896
7891150087453,315875
7509552923162,309657
7791274196430,264810
7500435191548,307187
7509552902525,308158
7509552920956,309681
7509552902884,308027
7509552923179,309658
7791293048659,309304
7791293048642,309302
7791293048635,309301
7791293049793,309735
7509552874204,307326
7791293050492,310317
7509552902464,308159
7791293049809,309734
7791293049014,309305
7509552902822,308613
4005900399953,303782
7791293049021,309306
7509552836592,304542
7792640000368,339768
7792640001914,304146
7793008017394,310685
7509552874006,309679
7509552876437,308028
7792640001822,215761
7793008017370,310683
7793008017387,310684
7793008017455,312188
7793008017462,312191
7793008017479,312192
7793008017486,312189
7793008017493,312190
7500435229821,308237
7500435202695,307964
7791293047102,306698
7500435019880,304390
7791293045733,307562
7791293047164,306702
7791293047171,306700
7500435202671,307962
7791293045740,307563
7500435159210,305832
7791293050324,309296
7509552902112,308012
7509552902327,308011
7790740000288,306654
7790740000233,306648
7791293045542,307309
7791293045665,307557
7791293050386,309300
7791293045757,307585
7791293050393,309895
7891150025929,303301
7509552859126,307455
7798140257714,308178
0190679000088,304122
7791293046372,307567
7798140257721,308177
7791293049731,309428
7509552903461,308015
7509552902419,308152
7500435019491,304400
7509552907759,308014
7791293049724,309426
7791293046983,306693
7791293046990,306715
7509552874105,307331
7500435019873,304391
7509552922271,309653
7509552874136,307333
7791293047447,306705
7500435159241,305834
7792640001150,399230
7500435142557,305012
7791293045795,307573
7509552922271,309653
7509552920857,309652
7791293045771,307566
7509552902532,312774
7791293045764,307565
7500435229845,308238
7790740000240,306650
7509552902334,308010
7792640002805,307710
7792640007725,310200
7791293045658,307555
7509552815269,307162
7500435155847,305234
7509552790498,306489
7791293045825,307575
7791293045511,307308
7792640008104,320514
7798140256724,307239
7798140256762,307236
7509552902495,308150
7509552876659,308160
7792640002812,307711
7500435019705,304385
7509552823806,307960
7791293027869,232200
7792640000283,365076
7500435019705,304385
7501056344092,214440
7791293027869,232200
7791293045788,307586
7791293050331,309297
7798140256748,307258
7798140256663,307257
7509552876260,308020
7500435155830,305232
7791293027883,232199
7791293046389,311765
7792640000320,341282
7792640000269,365050
7792640000276,365068
7509552836585,306497
0190679000019,304120
7501056342944,214431
7792640001945,304147
7792640001907,304145
7791293045832,307587
7501006721119,158012
7798140256700,307259
7798140257738,308176
7509552924121,310187
7509552923858,310176
7509552899207,309339
7509552899191,309337
7899026462571,265065
7509552899214,309340
7509552923889,310179
7899026462670,304759
7509552923865,310177
7899026462533,304766
7509552899177,309335
7509552899153,309333
7899026462625,304762
7899026462601,304764
7899026462557,304765
7509552844771,305115
7509552917390,303753
7899026462656,238010
7899026462687,304756
3614225108723,175424
3614225108785,175421
3614225108747,128689
3614225108846,175427
3614225108853,304805
3614225108877,175426
3614225108907,128696
3614225108945,128698
7509552917390,303753
7509552917413,303756
7509552917437,303758
7509552923834,310175
7790064001909,339075
7790064000261,227372
7790064002029,304208
7790064000124,454310
7891010560737,367443
7790773007063,165178
7790773007124,125800
7790064001701,661694
7790064000230,180934
7790773007117,302453
7790064104716,305587
7798101910214,303730
7790064001954,264657
7790064104662,308045
7791274197963,306402
7798096051022,188037
7798096051107,305527
7794440080519,107307
7794440008025,329878
4005800137556,232143
7793008018759,310333
4005808515592,436678
7794640173073,306625
7791293033006,230109
7794640173127,307179
4005808890590,385069
4005900399946,303619
7793742008252,316125
7794640173080,306626
7794640173097,307367
7794640173141,307176
7791293033020,230113
7798140254423,305457
7793008018766,310337
7793008018780,310338
7793008018797,310335
7509552840339,304676
0000042429142,311258
7793008018803,310339
7794640173158,307178
7794640173066,306624
4005900528223,304163
4005900470935,303977
7791293033013,230112
7891010253905,307954
7793742007392,316124
7501056326142,302999
7891010253929,306007
4005800137679,318216
4005900984609,307885
7791293033051,458273
7791293033068,233874
7793008018773,310334
7793008018124,308992
0000042277095,322370
7798140251309,304636
7798140251514,304634
7798140251583,304635
7798140251705,304632
7798140251729,304647
7798140254485,305978
7798140259107,309986
7798382383134,308693
7798140259992,307929
7798382383141,308694
7798382383158,308695
7791600090135,305173
7791293049472,308682
4005900036759,175364
4005808257553,303157
7791293043791,306874
7506339390230,304112
7791293012063,163385
7791293049700,308164
7791293043807,306875
7791600060589,305152
0000078944800,307290
7791293043845,307276
7500435129947,322053
0079400052919,184141
7791293022581,324075
7791293020297,196771
0000078933354,304116
7791293012087,163387
7791600018450,437597
7891150089983,308094
7791600028657,152096
7791600603465,445892
7794490630511,330485
7791600037345,152238
7791293022567,324074
7794640630491,453296
7501001163983,302006
7794490630245,302244
7791600087234,696664
7791293049717,308165
4005808257621,154882
0079400300546,258282
7791293048024,307870
7798175711632,305791
7791293022635,324076
7798175711649,305789
7791293025889,306741
7791600022358,310529
7791905004226,311904
7798332020850,305775
7798175718471,305786
7798175718860,305777
7798175719928,305776
7702018913664,231728
7791600174767,305153
0000078944794,307288
7500435156875,305336
7791293046808,307274
7791293049625,308123
7791600022570,310532
0000078925519,163389
7791600596576,305171
7791905004219,311906
7791905024354,311907
4005900036704,175368
4005900130785,243842
7791293049571,308677
7791293048482,307074
7791293048505,307077
7506306214989,308089
7506306241183,303225
0000077987983,305226
4005808257669,303159
7891150089952,308092
7506306241176,116708
7791293049588,308678
7791293049564,308675
7506306214972,308090
0000078924468,312720
0000078924529,116709
7791600024345,452915
7794640171376,303279
7794640171239,234154
7794640171246,303280
4005808257584,303158
0079400052926,184140
7891150068735,308093
7791600295356,305165
7791600064563,305155
0000078944855,307287
7791293049526,308671
7791293032467,324070
7791293032481,324071
7791600064563,305155
0079400110695,254027
7791600066444,354007
7791600619251,305086
7794640171093,226281
7791293032498,324072
7791905023746,311914
7791905023777,311913
0000078944848,307285
0000078926523,324073
7791600022020,310524
7794218106564,312599
7898422746827,119414
7791293046884,307862
7509546683393,307414
4005900683830,317854
7891150026025,303303
7891024034781,307358
7798339190112,305398
7891150019560,303311
7794218000190,312601
0650240035401,304655
7790990000878,306670
7891150046481,303547
7509546683386,307413
7791293046891,307861
7798339190051,305394
7891010035976,254205
7891150025998,303304
7509546683379,307412
7891024034897,317573
7791293049182,307848
7791293046877,307863
7798339190082,305397
7798140259442,304625
0650240004643,304637
7798339190136,305399
7891024024249,240357
7794218000152,312598
7790990000823,306666
7509546683409,307415
7790990000786,306664
7794218000138,312594
7794218000183,312590
7794218106557,312591
7798339190075,305395
7891150035881,303318
7891150035874,303306
7791293046136,307867
7509546070988,303928
7891024027226,305050
7891024027257,305047
7891150025981,303307
7891024028995,305327
7791293046112,307864
7791293041865,306376
7891024039618,307788
7891024117903,300804
7509546665801,305881
7509546053776,249568
7791293046143,307865
7790740000455,306936
7791600603137,306211
7791600037123,393398
7791600018122,445883
7791600044053,233418
7791600028015,344362
7790740000431,306934
7791600040147,178951
7791600050092,300314
7791600173029,238811
7791600087012,232209
7791600024680,696647
7791600024017,303939
7791600596248,305169
7791600619145,305085
7791600668518,152472
7798140256168,307354
7791600024017,303939
7791600024680,696647
8002990292139,254447
7506460101057,319271
7794728011174,683531
7791580005082,386588
7794728013840,302720
7794728011273,683558
7791580002029,323357
7791580005051,323349
7805010002135,225241
7794728001120,683540
7791580005143,305403
7791580005068,683370
8002990292092,254448
7791580003040,323209
7798339190433,307462
7804923066418,310332
7790010002899,308031
7790010002806,308113
7794626011498,306682
7790010002790,308112
7790010002813,308029
7790010002820,308032
7790010002851,308873
7790010002837,308033
7790770601998,308624
7790010002882,308034
7790010002875,308872
7790010002844,308119
7790010002905,308122
7790770601875,308628
7790770601974,308623
7790770602032,308626
7790770602049,311739
7790770602186,310349
7790770602209,308622
7793620003553,307958
7790250097501,307481
7790940233257,312518
7790770602056,311738
7790770602001,310346
7790770602018,306633
7790770602193,311742
4006000016719,310014
4005808944385,307174
7793008017998,308988
7319470066793,304272
7793742004681,307143
7793742003790,307127
7793008018131,308995
4006000016740,310016
7793008018025,308989
7702003008511,309438
7791274002830,303768
7793008017950,308984
7793008017967,321238
7793008017981,308985
7793008018032,308990
7793008018100,308993
7793742003738,303752
7793742003776,303748
7793742004735,306014
7793742004759,319917
7793742024627,310428
4005900954541,317847
7790416066426,223057
7790416066525,223058
7791274005329,297886
7790416066631,223062
7790416066624,223059
7791274005275,307725
7790416018616,310012
7791274198069,304690
7791274198045,304688
7791293044484,306750
7791274198052,310510
7791293044477,306749
7791293044491,306751
7891010254773,306110
7891010254780,306111
7891010254803,306824
7891010254797,306146
7891010254766,306447
7702026194697,307841
7702425543966,321405
7702026194703,307842
7500435229562,307946
7790010002769,308118
7790010002776,308040
7790770602292,308635
7794626010842,305799
7500435229517,309376
7790010002653,308121
7790010002615,308871
7790770601912,308629
7500435229500,309375
7794626010828,305933
7790010003162,310423
7790010002752,308039
7500435229487,309373
7790770601851,308634
7500435229494,309374
7790010002677,308041
7790010003179,310424
7500435229609,309379
7790010002646,308114
7790770601899,308632
7790010002721,308116
7794626011566,306955
7790010002738,308117
7790010002783,308042
7500435229654,309380
7790010002707,308115
7790010003186,310426
7790770602070,308619
7790010002714,308043
7790010002639,308036
7790010002622,308035
7790770602087,308620
7790940216212,304900
7790940518033,312511
7790940518026,312510
7790940518040,312515
7790770601882,310342
7790010002745,308038
7891010976262,304068
7798140257547,308168
7798140253372,304963
7509552912005,303250
7509552912012,303251
7798140259978,304966
7798140259985,304965
7798140255024,306676
4005900086426,298275
7501027232311,364312
7798140257554,308166
4005900806161,306268
7899706194273,313199
4005900938534,317852
7891010251048,307956
7798140257530,308167
7509552844047,313200
7891010245214,304447
7509552905137,213418
7501056325442,235904
7501056330309,303499
3600542326414,305231
7793742005039,307878
7793742007576,446932
7793742007583,190579
7509552849646,306902
7798140257578,308172
7798140257592,308169
7891010099725,303474
4005900713636,317850
4005900713629,317067
7891010253844,306961
7798008966482,308689
7798008966505,308690
7798140250371,304640
7798140257561,308171
7509552796131,317433
7509552905366,213415
7509552911992,303249
7793742002922,190425
7793742007897,182892
4005900773821,306264
7509552455557,304259
4005900773838,306267
4005900359261,306968
7501054541172,317851
0650240051630,305852
0650240051647,305853
7501056324889,302997
7509552800098,304096
7790773008473,216052
7891010245160,304214
7790773008435,307509
7791274197710,310516
7793742007415,307876
7793742007934,318545
4005900773845,306265
7509552798005,313202
7509552842319,321328
7702018072477,197652
7500435178570,307803
7702018001071,157221
7702018983872,242466
7500435211635,307937
7702018072392,197665
7702018072217,241790
0070330734395,304998
7506339315905,252408
7500435219334,307940
0070330731769,305210
7500435225366,307938
7500435219648,307766
0070330731745,245661
7506339337525,242483
7500435224604,307768
7500435219655,307765
7500435173100,307485
7702018983902,242481
7702018874729,128947
7702018072408,197667
7500435204026,309416
7702018053469,307767
7500435173223,307486
7702018874750,128948
4005808229123,304316
7500435178587,307804
7702018037896,304279
7702018037865,304278
8715200813061,152147
0070330745889,305209
7506339315486,252407
7500435144223,304877
7500435219662,307770
7702018874781,128949
0070330728509,306082
0070330721838,306084
0070330371002,306085
7500435144230,304878
7506339337532,242486
0070330732339,251900
0070330728547,306083
0070330717510,121714
0070330717527,121715
7500435125239,298431
7500435160674,306415
8412300813006,152078
7501843502926,307757
7506339337549,315880
7506339389500,314640
0070330734401,305000
0070330717565,305213
7891024183083,134447
0070942306805,303421
7891024183120,301611
7794640171758,304869
7794640171741,303282
7794640171765,303281
7891024183182,307357
0070942303194,305246
7794640171703,320019
7509546075242,307230
5900273001566,301201
7591083011098,302605
0070942003308,304934
0099176316565,164172
0099176369226,303715
7509546073453,303910
0070942003117,254379
7702010631207,173535
0070942004114,254390
7798142356385,306375
7798142356392,307976
7891024116128,303571
7753442000390,317768
7793100151224,233656
7794640172984,320018
3014260019723,303722
0070942501248,305242
7501086453955,248147
7501086494262,306618
7702010630422,302111
7794640171697,307706
7891024131183,307744
7891024136409,303394
7891024030806,307752
7891010255312,309499
7891010255350,308876
7509546686622,316951
7891010255374,309502
7891024130940,233312
7509546686615,316950
7891024130957,211004
7509546679617,307743
7891010255244,309498
7891010255381,309503
7891010255282,309483
7509546686509,307783
7793100111891,243896
7891024134429,108635
7891024034095,303594
7509546686042,308001
7896015520045,303793
7509546686523,307782
7798142351205,306403
7509546687292,307740
7891024135020,245023
7891024005064,316949
7891024123027,187010
7509546654034,305059
7500435150248,305061
7506295388487,223043
7891037744257,362573
7509546056098,220703
7509546066776,696073
7896015591106,304030
7793100120275,251566
7793100120282,251567
7500435127363,304019
7896009419294,176802
7509546651057,305046
7896009419324,303391
7891024123362,304575
7891024131909,304287
7509546668055,305531
7896009498091,307594
7798142350222,307975
7896015527457,197061
6920354822193,304333
5054563054975,307119
7509546667577,306152
7891024124628,215175
7896009498589,310189
7896015527433,305045
7790139101053,286361
7790139003807,219323
7790139000400,219324
7790139003654,188195
7790139000288,211849
7702003010781,307350
7702003010736,306417
7501054542896,321252
7702003010774,317843
7702003010743,317068
7501054550044,311280
4005900942791,317842
7501054550563,317844
7791519702105,193069
7791519704642,306178
7791519704659,306181
7798171946502,305025
7791519704635,306182
7791519704604,307037
7791014121906,304940
7791014001536,226850
7791014001512,230117
7798171946496,305024
7790940515063,696529
7896007552955,308055
7896007552962,308057
7702026174149,307924
7702026174156,307923
7790940410252,312503
7794626013713,311959
7790940410245,312502
