id,nombre,parent_id
01,Alimentos congelados,
02,Almacén,
03,Bebés,
04,Bebidas con alcohol,
05,Bebidas sin alcohol,
06,Frescos,
07,Limpieza,
08,Mascotas,
09,Perfumería y cuidado personal,
50,Electrodomésticos y equipamiento para el hogar,
70,Materiales para la construcción,
0101,Alimentos de Soja,01
010101,Alimentos de Soja,0101
0102,Empanadas y Tartas,01
010201,Empanadas y Tartas,0102
0103,Hamburguesas,01
010301,Hamburguesas,0103
0104,Helados,01
010401,Helados,0104
0105,Pescados y Mariscos,01
010501,Pescados y Mariscos,0105
0106,Pizzas,01
010601,Pizzas,0106
0107,Rebosados,01
010701,De Pollo / Pescado,0107
0108,Vegetales,01
010801,Vegetales,0108
0109,Otros Alimentos Congelados,01
010901,Otros Alimentos Congelados,0109
0201,Aceites,02
020101,Aerosol,0201
020102,Girasol,0201
020103,Maíz,0201
020104,Mezcla,0201
020105,Oliva,0201
020106,Otros Aceites,0201
0202,Aceitunas y Encurtidos,02
020201,Aceitunas Negras,0202
020202,Aceitunas Rellenas,0202
020203,Aceitunas Verdes,0202
020204,Encurtidos,0202
0203,Aderezos y Especias,02
020301,Aceto,0203
020302,Especias,0203
020303,Mayonesa,0203
020304,Mostaza,0203
020305,Saborizadores,0203
020306,Sal y Pimienta,0203
020307,Salsa Golf / Ketchup,0203
020308,Salsas,0203
020309,Vinagre,0203
020310,Jugo de Limón y Otros Aderezos,0203
0204,Arroces, Legumbres y Semillas,02
020401,Arroz Blanco,0204
020402,Arroz Integral,0204
020403,Arroz Preparado,0204
020404,Legumbres,0204
020405,Maíz Pisingallo,0204
020406,Semillas,0204
020407,Otros Arroces, Legumbres y Semillas,0204
0205,Conservas,02
020501,Anchoas,0205
020502,Atún,0205
020503,Caballa,0205
020504,Frutas en conserva,0205
020505,Legumbres en conserva,0205
020506,Paté / Picadillo,0205
020507,Sardinas,0205
020508,Tomates / Salsas,0205
020509,Verduras en conserva,0205
020510,Otras Conservas,0205
0206,Desayuno y Merienda,02
020601,Azúcar,0206
020602,Cacao en Polvo / Chocolate para Taza,0206
020603,Café en Cápsulas,0206
020604,Café Instantáneo,0206
020605,Café Molido,0206
020606,Cereales / Avena,0206
020607,Dulce de Leche,0206
020608,Edulcorante,0206
020609,Filtros de Café,0206
020610,Galletitas de Arroz,0206
020611,Galletitas Dulces,0206
020612,Galletitas Saladas,0206
020613,Leche en Polvo,0206
020614,Mate Cocido,0206
020615,Mermeladas y Jaleas,0206
020616,Miel,0206
020617,Té,0206
020618,Yerba,0206
0207,Frutas Secas,02
020701,Frutas Secas y Disecadas,0207
0208,Golosinas y Chocolates,02
020801,Alfajores,0208
020802,Barras de Cereal,0208
020803,Bocaditos y Bombones,0208
020804,Caramelos, Chupetines y Chicles,0208
020805,Chocolates y Tabletas,0208
020806,Turrones y Confituras,0208
020807,Otras Golosinas,0208
0209,Harinas y Pastas,02
020901,Almidón de Maíz,0209
020902,Fideos Guiseros y de Sopa,0209
020903,Fideos Largos,0209
020904,Harina de Maíz,0209
020905,Harina de Trigo,0209
020906,Pastas Rellenas,0209
020907,Sémola,0209
020908,Otras Pastas / Harinas,0209
0210,Panificados,02
021001,Budines / Bizcochuelos / Piononos,0210
021002,Hamburguesas y Panchos,0210
021003,Pan de Molde,0210
021004,Pan Francés,0210
021005,Pan Rallado y Rebozadores,0210
021006,Tostadas,0210
021007,Otros Productos Panificados,0210
0211,Para Preparar,02
021101,Bizcochuelos, Brownies y Tortas,0211
021102,Gelatinas,0211
021103,Mousse y Helados,0211
021104,Postres y Flanes,0211
021105,Premezclas,0211
021106,Repostería,0211
0212,Snacks,02
021201,Chizitos,0212
021202,Maní,0212
021203,Palitos,0212
021204,Papas fritas,0212
021205,Otros Snacks,0212
0213,Sopas, Caldos y Puré,02
021301,Puré Instantáneo,0213
021302,Sopas, Caldos y Saborizadores,0213
0214,Suplemento Nutricional,02
021401,Suplemento Nutricional,0214
0301,Alimentación infantil,03
030101,Leche Infantil,0301
030102,Otros Productos para Bebé,0301
0302,Higiene y Accesorios,03
030201,Aceites / Cremas / Jabones,0302
030202,Chupetes y Mamaderas,0302
030203,Pañales,0302
030204,Talco / Oleo Calcáreo,0302
030205,Toallitas Húmedas,0302
0401,Aperitivos,04
040101,Americano,0401
040102,Fernet,0401
040103,Otros Aperitivos,0401
0402,Bebidas Blancas, Licores y Whisky,04
040201,Bebidas Blancas,0402
040202,Licores,0402
040203,Whisky,0402
0403,Cervezas,04
040301,En Botella,0403
040302,En Lata,0403
0404,Espumantes,04
040401,Champagne,0404
040402,Frizantes,0404
0405,Vinos,04
040501,Vinos Blancos,0405
040502,Vinos Rosados,0405
040503,Vinos Tintos,0405
0406,Sidras y Otros,04
040601,Sidras,0406
040602,Otras Bebidas con Alcohol,0406
0501,A Base de Hierbas,05
050101,Amargos,0501
0502,Aguas,05
050201,Gasificadas,0502
050202,Sin Gas,0502
0503,Aguas Saborizadas,05
050301,Gasificadas,0503
050302,Sin Gas,0503
0504,Cervezas y Sidras sin Alcohol,05
050401,Cervezas y Sidras sin Alcohol,0504
0505,Gaseosas,05
050501,Cola,0505
050502,Lima Limón,0505
050503,Naranja,0505
050504,Pomelo,0505
050505,Tónica,0505
050506,Otras Gaseosas,0505
0506,Isotónicas y Energizantes,05
050601,Isotónicas y Energizantes,0506
0507,Jugos,05
050701,Concentrados,0507
050702,En Polvo,0507
050703,Listos,0507
0508,Soda,05
050801,Soda,0508
0601,Carnicería / Pollería,06
060101,Carne de Cerdo,0601
060102,Carne Vacuna,0601
060103,Hígado y Achuras,0601
060104,Pollo,0601
060105,Otras Carnes,0601
0602,Pescadería,06
060201,Pescados y Mariscos,0602
0603,Fiambrería,06
060301,Dulce de Batata / Membrillo,0603
060302,Fiambres,0603
060303,Salchichas / Embutidos,0603
060304,Otros Productos de Fiambrería,0603
0604,Frutas,06
060401,Ananá,0604
060402,Banana,0604
060403,Ciruela,0604
060404,Durazno,0604
060405,Kiwi,0604
060406,Limón,0604
060407,Mandarina,0604
060408,Manzana,0604
060409,Naranja,0604
060410,Pera,0604
060411,Pomelo,0604
060412,Uvas,0604
060413,Otras Frutas,0604
0605,Huevos,06
060501,Huevos,0605
0606,Lácteos,06
060601,Crema de Leche,0606
060602,Leche Chocolatada,0606
060603,Leche Condensada,0606
060604,Leche Fluida Descremada,0606
060605,Leche Fluida Entera,0606
060606,Mantecas y Margarinas,0606
060607,Postres y Flanes,0606
060608,Quesos Blandos,0606
060609,Quesos Duros,0606
060610,Quesos Rallados,0606
060611,Quesos Semiduros,0606
060612,Quesos Untables,0606
060613,Ricota,0606
060614,Yogur Bebible,0606
060615,Yogur con Cereales / Frutas,0606
060616,Yogur Firme / Batido,0606
060617,Otras Leches Fluidas,0606
060618,Otros Quesos,0606
0607,Levaduras y Grasas,06
060701,Levaduras y Grasas,0607
0608,Pastas y Tapas frescas,06
060801,Fideos,0608
060802,Ñoquis,0608
060803,Pastas Rellenas,0608
060804,Tapas para Empanadas,0608
060805,Tapas para Tartas,0608
0609,Verduras,06
060901,Acelga,0609
060902,Ají,0609
060903,Ajo,0609
060904,Apio,0609
060905,Hinojo,0609
060906,Batata,0609
060907,Berenjenas,0609
060908,Cebolla Común,0609
060909,Cebolla de Verdeo, puerro,0609
060910,Coliflor, Brócoli,0609
060911,Lechuga,0609
060912,Palta,0609
060913,Papa Blanca,0609
060914,Papa Negra,0609
060915,Radicheta, Radicha, Rúcula,0609
060916,Repollo,0609
060917,Tomate Redondo,0609
060918,Zanahoria,0609
060919,Zapallitos Frescos,0609
060920,Zapallo,0609
060921,Otras Verduras,0609
0701,Accesorios de Limpieza,07
070101,Baldes,0701
070102,Broches y Ganchos,0701
070103,Escobas / Escobillones / Palos / Cabos,0701
070104,Secadores y Cepillos,0701
070105,Esponjas y Guantes,0701
070106,Paños Multiuso / Trapos,0701
070107,Otros Accesorios de Limpieza,0701
0702,Desodorantes y Desinfectantes de Ambientes,07
070201,Absorbe Humedad,0702
070202,Aromatizantes,0702
070203,Desinfectantes,0702
070204,Desodorantes,0702
0703,Insecticidas,07
070301,Cucarachas y Hormigas,0703
070302,Moscas y Mosquitos,0703
070303,Polillas, Pulgas y Garrapatas,0703
070304,Repelentes,0703
070305,Roedores,0703
0704,Lavandinas,07
070401,Lavandina en Gel,0704
070402,Lavandina Líquida,0704
0705,Limpieza de la Cocina,07
070501,Bolsas,0705
070502,Detergentes y Lavavajillas,0705
070503,Escarbadientes,0705
070504,Fósforos y Encendedores,0705
070505,Limpiadores,0705
070506,Limpiavidrios,0705
070507,Velas,0705
0706,Limpieza de la Ropa,07
070601,Aprestos y Blanqueadores,0706
070602,Cepillos para la Ropa,0706
070603,Jabón en Pan,0706
070604,Jabón en Polvo,0706
070605,Jabón Líquido,0706
070606,Perfume para la Ropa,0706
070607,Quitamanchas,0706
070608,Suavizantes,0706
0707,Limpieza del Baño,07
070701,Limpiadores / Desinfectantes Cremosos,0707
070702,Limpiadores / Desinfectantes en Aerosol,0707
070703,Limpiadores / Desinfectantes en Gel,0707
070704,Limpiadores / Desinfectantes Líquidos,0707
070705,Pastillas y Bloques,0707
0708,Limpieza del Calzado,07
070801,Brillos y Revividores,0708
070802,Limpiadores,0708
070803,Pomadas para el Calzado,0708
0709,Limpieza de Pisos y Muebles,07
070901,Ceras y Autobrillos,0709
070902,Limpiadores de Pisos,0709
070903,Lustramuebles,0709
070904,Otros Productos para Limpiar Pisos y Muebles,0709
0710,Papeles,07
071001,Films,0710
071002,Pañuelos Descartables,0710
071003,Papel de Aluminio,0710
071004,Papel Higiénico,0710
071005,Rollos de Cocina,0710
071006,Servilletas,0710
0801,Mascotas,08
080101,Alimentos para Gatos,0801
080102,Alimentos para Perros,0801
080103,Productos de Higiene para Mascotas,0801
080104,Otros Productos para Mascotas,0801
0901,Cuidado Capilar,09
090101,Acondicionadores,0901
090102,Fijadores,0901
090103,Productos para Combatir la Pediculosis,0901
090104,Reparación y Tratamiento,0901
090105,Shampoo,0901
090106,Tintura,0901
0902,Cuidado Corporal,09
090201,Algodones e Hisopos,0902
090202,Cepillos y Esponjas,0902
090203,Cremas de Manos y Corporales,0902
090204,Desodorantes Infantiles,0902
090205,Desodorante para el Hombre,0902
090206,Desodorante para la Mujer,0902
090207,Jabones de Tocador / Glicerina,0902
090208,Jabones Líquidos,0902
090209,Perfumes,0902
090210,Productos de Depilación,0902
090211,Protectores Diarios,0902
090212,Protectores Solares y Post Solares,0902
090213,Quitaesmaltes,0902
090214,Talcos,0902
090215,Tampones,0902
090216,Toallas Higiénicas,0902
090217,Otros Productos para el Cuidado Corporal,0902
0903,Cuidado Facial,09
090301,Cremas Antiacné,0903
090302,Cremas Antiarrugas,0903
090303,Cremas Hidratantes / Humectantes,0903
090304,Productos de Afeitar/ para después de Afeitarse,0903
090305,Desmaquillantes,0903
090306,Otros Productos para el Cuidado Facial,0903
0904,Cuidado Oral,09
090401,Accesorios Dentales,0904
090402,Cepillos Dentales,0904
090403,Enjuagues Bucales,0904
090404,Pastas Dentales,0904
0905,Productos Farmacéuticos,09
090501,Alcohol,0905
090502,Antisépticos,0905
090503,Apósitos Protectores,0905
090504,Preservativos,0905
090505,Protectores Mamarios,0905
090506,Otros Farmacéuticos,0905
0906,Productos para Adultos Mayores,09
090601,Pañales para Adultos,0906
5001,Climatización,50
5002,Cocinas y Hornos,50
5003,Heladeras y Freezers,50
5004,Informática,50
5005,Lavado,50
5006,Tv, Audio y Video,50
7001,Aberturas,70
7002,Equipamiento,70
7003,Instalaciones Eléctricas,70
7004,Materiales Obra Gruesa,70
7005,Materiales Obra Intermedia,70
7006,Pinturas, Barnices, Diluyentes, y Otros Productos Químicos,70
7007,Pisos y Revestimientos,70
7008,Productos de Hierro o Acero,70
7009,Productos de madera,70
7010,Productos Elaborados de Hierro, Acero y Aluminio,70
7011,Productos Metálicos excepto hierro o acero,70
7012,Productos Plásticos,70
7013,Sanitarios,70